,CompanyNames
0,Coca-Cola
1,Dellâ€”Cohen
2,All-Country
3,Bookâ€™sÂ International
4,Manufacturing Construction
5,BoardÂ Consumer
6,WellingtonÂ Management
7,MarketÂ Committee
8,TheÂ Committee
9,King Coal
10,TheÂ company
11,Photo/Connie
12,Commune/Con
13,Funds-Conceptual
14,Bloomberg'sÂ Corina
15,HoldingsÂ Inc
16,Dominion’s Cove
17,MiscellaneousÂ income
18,OfficeMaxÂ Incorporated
19,America—Countrywide
20,Gox-CoinLab
21,Light-Cone
22,PharmaceuticalsÂ Inc
23,HealthÂ Commissioner
24,TheÂ SohnÂ Conference
25,Japanese-brand
26,ThisÂ increase
27,Oâ€™Connell
28,US-Colombia
29,George-Cosh
30,PerhapsÂ Conor
31,Trade Commission
32,Strengthened corporate
33,City Councilor Paul
34,The Collapse
35,Financial Collapse
36,Officerâ€”International
37,Warner Inc
38,Over-The-Counter
39,ArmyÂ CommandÂ and
40,Intelligentsia-brand
41,BudgetÂ Control
42,Flickr/Cornelia
43,'At-Cost-Cafe
44,YouTube/Common
45,Wealth-Management
46,Observatory/Brandon
47,–Coca-Cola
48,TaxmanÂ Cometh
49,Business/ManagementÂ at
50,Eastman Kodak Company
51,Laborâ€™sÂ Consumer
52,Boron-Group
53,PostÂ Co
54,Ex-Comptroller
55,Sector/group
56,Â Coca-Cola
57,Finance/Consumer
58,Technology/Computer
59,Low-Income
60,OutfittersÂ Inc
61,Tesla-branded
62,AnÂ increase
63,Cameron'sÂ ConservativesÂ came
64,Cameron'sÂ ConservativesÂ in
65,Cameron'sÂ ConservativesÂ will
66,BI Cool
67,Flickr/Courtney
68,Lee/Courtesy
69,SohnÂ Conference
70,York/Connecticut
71,Bank-International
72,ObamaÂ andÂ CongressÂ urging
73,Press/CorbisIt
74,NationalÂ Corp
75,Ex-Cons
76,ofÂ ChinaÂ Ltd
77,BankÂ Corp
78,TheÂ International
79,TheÂ Congressional
80,Development Co
81, Zynga Inc
82,Anti-Counterfeiting
83,Â ZTEÂ Corp
84,MellonÂ Corp
85,TheÂ Communist
86,GoverningÂ Council
87,Romanée-Conti
88,Romanée-Conti—sold
89,MotorÂ Co
90,Emergency Management
91,Awlgrip-brand
92,SoÂ theÂ company
93,Doorman/Concierge
94,TheÂ Cosmopolitan
95,AutomobileÂ Co
96,MotorsÂ Corp
97,Yorkand Connecticut -
98,Â NikonÂ Corp
99,TimesÂ Co
100,Journal-Constitution
101,Swedish management
102, Sony Corp
103,Sony Corp
104,Motor Co
105,Romeo brand
106,The Commonwealth
107,Bahrain International
108,Flickr/incase
109,Clinton—included
110,Group LLC
111,The Polar Code will
112,Petchem Co
113,Bank Co
114,Group Ltd
115,Corp and Owens-Illinois Corp
116,Berkshire Hathaway Inc
117,Anti-Corruption
118,Board Consumer
119,Management LLC
120,of America Corp
121,MetLife Inc
122,York County
123,Fisher-Price® brands
124,An International
125,Management Group
126,European Court will
127,Technion-Cornell
128,Times included
129,Communications Inc
130,Rom-Com
131,But Comcast actually
132,Although Comcast
133,Systems Inc
134,Yale/CourseraLots
135,Skin Enterprises
136,US  Congressional
137,People's Congress starting
138,Davies-Coates
139,The Consumer
140,Photo/Brandon
141,Caller/Connector
142,Apple-Comcast
143,Images'Concrete
144,Yale/CourseraYale
145,If Colombia
146,Pepsi-Cola
147,Re/Code
148,Empire's Charlie Cox as
149,The company
150,The group
151,Microsoft-branded
152,Outfitters-branded
153,Capital by Elan Corp
154,Dot-Com
155,Energy Commissioner Guenther
156,Chipotle management
157,Khalfani-Cox
158,Rector-Collins
159,Valley—including
160,Internet-technology-media
161,Aquos-brand
162,Coca-Cola’s
163,Wealth Management
164,ImagesAOL Inc
165,CEO and successful venture
166,Low-Cost
167,Restaurants Inc
168,Foods/Coca-Cola
169,Insider/CoreLogic
170,Services Ltd
171,America Corp
172,Courtney-Cook
173,Berlin-Brandenburg
174,Pandl/Columbia
175,Medtronic-Covidien
176,State Court
177,Wyss-Coray
178,Group Inc
179,Milk-brand
180,New York County
181,SHARE5 INCREASED
182,American Inc
183,Comcast Corp
184,Trading LLC
185,PlazaSUNCHEON/INCHEON
186,Glasgow's Commonwealth
187,Porsche-branded
188,The International
189,Re/Code’s
190,International Inc
191,Warner management
192,FT's Courtney
193,Isaac Corp
194,Comic-Con
195,Co Ltd
196,Brands Group
197,Benoit Coeure said
198,Fixed-income
199,That includes
200,China’s income
201,US' international
202,Capital Group
203,Board's Consumer
204,Fixed-Income
205,Romanee-Conti
206,Steel Company
207,Technology Inc
208,Puyehue-Cordon
209,Citi-branded
210,Exports Consumer
211,Urban Consumers
212,Insider-IGNITION group
213,Ford-branded
214,Low-income
215,Obama's Council
216,Retirement-Income
217,Sciences Corp
218,Bi-County
219,Lynch Wealth-Management
220,Amazon11-Inch
221,UK parent company IBT
222,And Colorado
223,Harvard-Cornell
224,Mid-Con
225,Non-Conformist
226,Max Combines
227,Dollar-Cost
228,Bauman-Conover-Miller
229,Delta’s increasingly
