,CEONames
0,Industrial Renaissance 
1,Anand Nallathambi 
2,Torino Capital 
3,Jeffrey Gundlach 
4,Carly Fiorina 
5,Tony Posawatz 
6,Glenn Murphy 
7,Sokol Berkshire 
8,Berkshire Hathaway 
9,Bloomberg Television 
10,Dreamworks Animation 
11,Mike Lynch 
12,Eddie Lampert 
13,Sears Holdings 
14,Why Everyone 
15,Wet Seal 
16,Spencer Ante 
17,Bill Ackman 
18,We Have 
19,Bloomberg Bloomberg 
20,Jim Cowles 
21,Bill Mills 
22,Francisco Aristeguieta 
23,Hank Greenberg 
24,Ron Johnson 
25,Maurice Greenberg 
26,Dennis Crowley 
27,James Gorman 
28,Matt Rose 
29,Business Insider 
30,Jamie Dimon 
31,Bob Benmosche 
32,Morgan Stanley 
33,Robert Benmosche 
34,Joe Ratterman 
35,Kirk Sorensen 
36,Pershing Square 
37,Herbalife Analyst 
38,On January 
39,Third Point 
40,Former Citigroup 
41,Bank America 
42,Additional Sources 
43,Even David 
44,The Minerva 
45,Ben Nelson 
46,Kaz Hirai 
47,Tim Armstrong 
48,London Whale 
49,Back October 
50,The Hindu 
51,At Brookings 
52,While Lewis 
53,Michael Dell 
54,Asia Pacific 
55,Eric Hunsader 
56,Disappointed And 
57,Tube Most 
58,Steve Ballmer 
59,Morgan Chase 
60,Bruce Marks 
61,Paul Otellini 
62,Goldman Sachs 
63,Philippe Chevalier 
64,New York 
65,After Morgan 
66,Steve Schwarzman 
67,Pete Flint 
68,Euro Pacific 
69,Steve Cohen 
70,Worldwide Code 
71,Tim Leuliette 
72,Intermodal Dedicated 
73,But Goldman 
74,Press Release 
75,Piper Jaffray 
76,Crazy Chinese 
77,Rio Tinto 
78,Bill Gross 
79,As Bloomberg 
80,Mark Benioff 
81,Neal Black 
82,Harvard Steve 
83,Howard Schultz 
84,Dynasties Of 
85,The Real 
86,Pamela Flaherty 
87,Even Goldman 
88,Getty Images 
89,Lisa Du 
90,Robert Johnson 
91,The Ford 
92,Richard Handler 
93,Capital Partners 
94,Greg Smith 
95,Watch Below 
96,Images On 
97,Congressman David 
98,Mike Jeffries 
99,On February 
100,Andrew Feldstein 
101,Deutsche Bank 
102,Scott Davis 
103,Os Juergen 
104,And Facebook 
105,Jeff Bezos 
106,Larry Fink 
107,November December 
108,David Tepper 
109,Steve Ells 
110,Monty Moran 
111,As Deutsche 
112,Chief Henry 
113,According Nanex 
114,Grow Driver 
115,Carol Evans 
116,Lehman Brothers 
117,Vikram Pandit 
118,Corporate Insiders 
119,But Richard 
120,The Commodities 
121,In December 
122,Ben Verwaayen 
123,The New 
124,The Post 
125,Don Thompson 
126,Great Recession 
127,On Republican 
128,John Ulzheimer 
129,As Skullcandy 
130,Siemens America 
131,Eric Schmidt 
132,Tim Cook 
133,Ginni Rometty 
134,American Airlines 
135,Tom Horton 
136,Larry Ellison 
137,Lanai Resorts 
138,Yves Roussel 
139,Howard Hughes 
140,Gerald Storch 
141,Rowe Price 
142,Phil Denton 
143,David Einhorn 
144,Os Fed 
145,Elon Musk 
146,The Heinz 
147,Warren Buffett 
148,The Reporting 
149,John Chambers 
150,Hilary Sargent 
151,Antony Jenkins 
152,Public Editor 
153,Steven Dean 
154,Thomas Kingston 
155,Office Depot 
156,Alfa Romeo 
157,Maurice Taylor 
158,Ravi Saligram 
159,Neil Austrian 
160,Titan International 
161,National Futures 
162,Michael Corbat 
163,Patti Hart 
164,Eric Jackson 
165,Chuck Mathewson 
166,Rosalind Brewer 
167,Andrei Kostin 
168,Willis Group 
169,Clayton Woitas 
170,According Bloomberg 
171,Terry Lundgren 
172,Mickey Drexler 
173,Russ Girling 
174,Teamwork Online 
175,Damon Hininger 
176,Hubert Joly 
177,Tom Keene 
178,Vanity Fair 
179,After Ackman 
180,Outside Yahoo 
181,Marissa Mayer 
182,Stephen Hester 
183,Peter Peterson 
184,Harbor Investment 
185,Photo Kevork 
186,David Longmuir 
187,Managing Director 
188,Carlos Ghosn 
189,Michael Seto 
190,Screenshot Via 
191,Citi Quintanilla 
192,Kingston Financial 
193,Fortune Live 
194,William Ackman 
195,Gerald Turner 
196,Ellen Siminoff 
197,Like Yahoo 
198,Wall Street 
199,Laura Lang 
200,Allen Questrom 
201,Warren Buffet 
202,Edward Breen 
203,Burger King 
204,William Cohan 
205,According Australian 
206,Vaishali Rastogi 
207,Steve Brazier 
208,Sky News 
209,Mark Cohen 
210,John Carter 
211,Chuck Prince 
212,Charlie Rose 
213,With Canadian 
214,Jay Feuerstein 
215,The Business 
216,Chairman Business 
217,Limin Li 
218,Meanwhile Fisker 
219,Former Chrysler 
220,Sandy Weill 
221,Steve Jobs 
222,When Sassa 
223,Sergio Ermotti 
224,Joe Mimran 
225,Ina Drew 
226,Robert Reynolds 
227,California Public 
228,Calculated Risk 
229,Lion Air 
230,Albert Lam 
231,Don Graunstadt 
232,Some Lululemon 
233,Christine Day 
234,Take Goldman 
235,Thomas Meyer 
236,Should Chairman 
237,Evening Standard 
238,According Wall 
239,Edward Barbini 
240,Merrill Lynch 
241,He Heinz 
242,Ray Irani 
243,Packard Pepsi 
244,Mark Parker 
245,Charges Wall 
246,Salvatore Iannuzzi 
247,Leo Apotheker 
248,Meg Whitman 
249,Under Silver 
250,Best Buy 
251,Brian Dunn 
252,Tom Joyce 
253,Yesterday Ford 
254,European Union 
255,Joseph Jimenez 
256,The Wall 
257,Daniel Goodman 
258,Lloyd Blankfein 
259,Former Citi 
260,In March 
261,That Timothy 
262,Former Sands 
263,Reed Hasting 
264,Cathy Baron 
265,Visual Capitalist 
266,Jeff Skilling 
267,Former Enron 
268,Rex Tillerson 
269,Jon Corzine 
270,Toby Dayton 
271,Alexey Miller 
272,Losing Martha 
273,Alcoa Alcoa 
274,Mike Ullman 
275,Executive Chairman 
276,Aimee Groth 
277,On Friday 
278,Bianco Research 
279,National Committee 
280,Metropolitan Museum 
281,Via Bloomberg 
282,Home Store 
283,Days Ron 
284,Chairman Bob 
285,Wells Fargo 
286,Tommy Belesis 
287,John Thomas 
288,Brian Sozzi 
289,Daniel Baker 
290,April Fool 
291,Brokers Often 
292,Ekaterina Rybolovleva 
293,While Company 
294,The Boeing 
295,Act Capital 
296,Google Finance 
297,Dan Loeb 
298,Brian Moynihan 
299,Spencer Rascoff 
300,Reed Hastings 
301,One Ford 
302,Capital Management 
303,Matthew Boesler 
304,Verizon Communications 
305,Jeff Immelt 
306,Frank Bisignano 
307,Matt Zames 
308,Blackstone Chairman 
309,Tim Mrock 
310,Michael Jeffries 
311,Simon Property 
312,Leslie Moonves 
313,Ralph Lauren 
314,Cam Fine 
315,Viz Euro 
316,Mayor Michael 
317,From Reuters 
318,John Donahoe 
319,The Washington 
320,Minneapolis Fed 
321,Tesla Motors 
322,The Tesla 
323,Jack Chubb 
324,Cannabis Price 
325,Rs President 
326,Stop Soldier 
327,Mark Zuckerberg 
328,Responding Swisher 
329,Daniel Doctoroff 
330,Cole Wilcox 
331,And Hunsader 
332,Hal Harvey 
333,Dan Doctoroff 
334,Northrop Grumman 
335,Dick Costolo 
336,But Dan 
337,Argument In 
338,Andrew Ross 
339,Andrew Mackenzie 
340,Os Groupon 
341,Andrew Mason 
342,Lefkofsky Leonsis 
343,If Groupon 
344,Cisco Chairman 
345,Nutronics Labs 
346,Tom Gage 
347,Michael Carrazza 
348,Rob Wile 
349,Deborah Wright 
350,Mayor Dinkins 
351,Mike Duke 
352,Why Jamie 
353,Jimmy Cayne 
354,From Businessweek 
355,In Mina 
356,Sam Palmisano 
357,Palmisano Sam 
358,Led Founder 
359,Now Bloomberg 
360,Credit Suisse 
361,Terry Rich 
362,Photo Mario 
363,Chairman Board 
364,Old Testament 
365,Phil Baldwin 
366,John Gainor 
367,Corporate Library 
368,Stephen Bainbridge 
369,Even Dimon 
370,This Chart 
371,Chief Tells 
372,Brookings Institute 
373,Park Avenue 
374,Street Jamie 
375,Senate Permanent 
376,Exxon Mobil 
377,Home Depot 
378,Frank Blake 
379,Ryan Safady 
380,Is Considering 
381,Greenlight Capital 
382,Bloomberg News 
383,Six Rules 
384,Occidental Petroleum 
385,Joe Kennedy 
386,Lance Roberts 
387,John Sculley 
388,Kyle Bass 
389,Nanex Motor 
390,Yahoo Finance 
391,Read More 
392,Dow Jones 
393,Asda Income 
394,Bloomberg Markets 
395,Bruce Rose 
396,Silver Bay 
397,American Residential 
398,Henry Kravis 
399,Thunderbird Films 
400,Viz Satya 
401,Royal Dutch 
402,Margaret Hayne 
403,Philip Palaveev 
404,Toby Cosgrove 
405,Before Macao 
406,Daniels Rometty 
407,Patterson Global 
408,Glenn Hutchins 
409,Mark Fleming 
410,Capstone Advisory 
411,Thomas Hughes 
412,Fortune Global 
413,Chesapeake Energy 
414,Julia La 
415,Larry Page 
416,According Curalate 
417,Washington Post 
418,The Board 
419,Video Options 
420,Susan Shaffer 
421,On Deck 
422,Mexico City 
423,Don Blandin 
424,Ted Beck 
425,Former Merrill 
426,Former Qwest 
427,Ken Lin 
428,Chairman Richard 
429,Tim Allen 
430,News Corp 
431,Lululemon Athletica 
432,Susanne Craig 
433,Regulator Resigns 
434,David Blitzer 
435,Conqvist Fahlenbrach 
436,Gabaix Landier 
437,Silicon Valley 
438,The Journal 
439,Ex Ground 
440,Alan Mullaly 
441,Las Vegas 
442,Leary Paris 
443,The European 
444,Corp Capital 
445,Just Drummer 
446,David Drumm 
447,In Tuesday 
448,John Hammergren 
449,Mickey Arison 
450,Miami Heat 
451,Media Holdings 
452,George Zimmer 
453,Doug Ewert 
454,Bryan Mistele 
455,In November 
456,Senator New 
457,Lucas Duplan 
458,Peter Schiff 
459,Financial Courtesy 
460,Fred Prouser 
461,Investor Credit 
462,President Aaron 
463,Murray Kessler 
464,Michael Sweeney 
465,James Fox 
466,Richard Branson 
467,Tracker Until 
468,Knight Capital 
469,Gary Guthart 
470,Klaus Kleinfeld 
471,Quicken Loans 
472,Gold Fields 
473,Fred Smith 
474,Bliley Act 
475,Federal Reserve 
476,David Sadigh 
477,Roger Ferguson 
478,Barry Norris 
479,In April 
480,Peter Morgan 
481,Using Lettuce 
482,Michael Nathanson 
483,But Cole 
484,Nelson Peltz 
485,Barclays Americas 
486,Auto Nation 
487,Alan Silbert 
488,Borsa Italiana 
489,During The 
490,Frederick Smith 
491,Jim Citrin 
492,The Way 
493,Starting October 
494,In January 
495,Since Board 
496,Tesla Chief 
497,Julian Robertson 
498,Daniel Loeb 
499,Luma Partners 
500,Carsten Schloter 
501,David Goldberg 
502,Steve Ketchum 
503,Goddard Space 
504,Yasuchika Hasegawa 
505,In One 
506,Don Mattrick 
507,Travis Kalanick 
508,Donald Tomnitz 
509,Richard Dugas 
510,Chris Helman 
511,Patrick Byrne 
512,All Comments 
513,Took Out 
514,Steve Wynn 
515,Huffington Post 
516,White House 
517,Sony Pictures 
518,Shares Barclays 
519,Craig Pfeiffer 
520,Thinkorswim Dell 
521,Jeff Weiner 
522,Bill Gates 
523,If Icahn 
524,William Wei 
525,Biogen Motorola 
526,Aron Company 
527,The Berkshire 
528,David Noble 
529,Sebastiano Tevarotto 
530,Pat Gelsinger 
531,Besides Chalamish 
532,Open Door 
533,Snow Phipps 
534,Donald Graham 
535,Shane Robison 
536,Hedge Fund 
537,President Barack 
538,George Clooney 
539,David Stevens 
540,Reporting By 
541,Shannon Stapelton 
542,Alan Mulally 
543,What Musk 
544,Now Wall 
545,Hubert Burda 
546,Howard Shultz 
547,Myron Ullman 
548,Like Ullman 
549,When Mike 
550,Once Mike 
551,If Mike 
552,With Allen 
553,Jeff Boyd 
554,From Post 
555,George Soros 
556,According Brian 
557,Roberto Setubal 
558,Special Committee 
559,President Jason 
560,Paul Palmieri 
561,George Bell 
562,The State 
563,Kinsey Patton 
564,Enter Frank 
565,The President 
566,Carl Icahn 
567,And Apple 
568,North South 
569,Jim Donald 
570,Bloomberg Surveillance 
571,Shares Cisco 
572,Xiaomi Apple 
573,But Strine 
574,Dell Icahn 
575,But Southeastern 
576,This One 
577,Frank Holmes 
578,Bloomberg Media 
579,China Everbright 
580,As Brian 
581,Ron Johnsons 
582,Baby Boomer 
583,But Toll 
584,Menlo Ventures 
585,Kaiser President 
586,Wendy Liebmann 
587,Betting Tesla 
588,Thinkorswim Steve 
589,Former Microsoft 
590,Bob Greifeld 
591,Illustration Mike 
592,Wolf Wilson 
593,Marc Andreessen 
594,On Monday 
595,David Karp 
596,Donald Thomson 
597,David Novak 
598,Michael Duke 
599,After Johnson 
600,Darryl Layne 
601,Paris Blanca 
602,Andries Verleur 
603,Line Funds 
604,Lending Club 
605,The Conference 
606,After Ballmer 
607,Tony Bates 
608,Jeff Raikes 
609,John Thompson 
610,Symantec Corp 
611,Sam Shank 
612,Mike Fridgen 
613,Duke Energy 
614,Phone Mere 
615,That Netflix 
616,Enter John 
617,Two Twitter 
618,David Shankbone 
619,Alma Morales 
620,Ted Virtue 
621,Attorney General 
622,Voice Thousands 
623,Michael Chasen 
624,Geppy Parziale 
625,But August 
626,Joe Fernandez 
627,Ferguson President 
628,And Wall 
629,Former Barclays 
630,Dick Fuld 
631,Lew Glucksman 
632,Advisors Need 
633,Heritage Action 
634,The Tie 
635,When Twitter 
636,Nathan Hubbard 
637,Ben White 
638,As Nanex 
639,Kevin Kaiser 
640,Kinder Morgan 
641,Memory Option 
642,Dick Handler 
643,One Lehman 
644,The Fed 
645,Newtown Starbucks 
646,Tim Little 
647,Os Business 
648,James Bullard 
649,Hall Quinn 
650,Blue Cross 
651,Jim Chanos 
652,John Scully 
653,Watsa Chairman 
654,Prem Watsa 
655,Paul Farmer 
656,Jimmy Lee 
657,Mile Ullman 
658,Back August 
659,Oracle Corp 
660,Courtesy Nasty 
661,Sexiest Startup 
662,Associated Press 
663,Eagle Bay 
664,Air Products 
665,Sinter Metals 
666,Gregory Reyes 
667,Profitability Barclays 
668,Think There 
669,Silver Lake 
670,In August 
671,Thorsten Heins 
672,James Cohen 
673,Seeks Cease 
674,Henry Bennahmias 
675,Summit Little 
676,Melinda Gates 
677,Manisha Thakor 
678,Anand Nallanthambi 
679,The Financial 
680,John Carris 
681,Lew Altfest 
682,Former Lehman 
683,Because Apple 
684,William Ruprecht 
685,Todd Thompson 
686,General Electric 
687,Jeff Zucker 
688,Chamber Commerce 
689,Eugenio Alonso 
690,John Krafcik 
691,Zero Hedge 
692,Bill Ruprecht 
693,Ben Milne 
694,Executive Producer 
695,Microsoft Corp 
696,Speaking Monday 
697,How Advisors 
698,Eva Moskowitz 
699,Scott Price 
700,Jonathan Oringer 
701,Robin Hood 
702,Via Goldman 
703,Richard Bernstein 
704,Thinkorswim This 
705,Congressional Budget 
706,Medicare Medicaid 
707,Brian Krzanich 
708,Tony Fadell 
709,Angela Ahrendts 
710,Bill Simon 
711,United Kingdom 
712,Assuming Apple 
713,Walmart President 
714,Bob Diamond 
715,Bijan Sabet 
716,Stephen Lam 
717,Since Mayer 
718,Peter Stein 
719,Chinese Internet 
720,Jack Dorsey 
721,Evan Williams 
722,On October 
723,Fox Business 
724,Buck French 
725,Eye Eye 
726,Michael Johnson 
727,Scott Kapnick 
728,Andy Grove 
729,Reuters Svea 
730,United States 
731,Alex Algard 
732,Algard Eglit 
733,Coach Chairman 
734,On Mike 
735,Mitchell Krebs 
736,Founder Blackstone 
737,Doug Oberhelman 
738,In Town 
739,Thor Halvorssen 
740,Former Yukos 
741,Guy Johnson 
742,John Mack 
743,South China 
744,Dan Bauer 
745,Tim Clark 
746,Omar Kahn 
747,Omar Khan 
748,Muddy Waters 
749,Robert Greifeld 
750,Chase Wealth 
751,Barry Sommers 
752,Jim Angleton 
753,Seeing Real 
754,Times Mirror 
755,But Muddy 
756,Steve Blumenthal 
757,Paul Singer 
758,Clean Slate 
759,In July 
760,North American 
761,Puerto Ricans 
762,Puerto Rico 
763,Legg Mason 
764,But Franklin 
765,Bond God 
766,Jumptap Millennial 
767,Makoto Kikuchi 
768,Societe Generale 
769,More From 
770,Dimon London 
771,Angelo Mozillo 
772,About John 
773,Os Tim 
774,John Mackey 
775,Amazon However 
776,City News 
777,Bobby Lee 
778,Our Local 
779,Whole Foods 
780,Will Tachiiri 
781,But John 
782,Avishai Abrahami 
783,Matt Maloney 
784,Jonathan Zabusky 
785,Greg Woock 
786,Dutch Japanese 
787,Van Houten 
788,Senator John 
789,Anderson Cooper 
790,Gary Kelly 
791,Ray Dalio 
792,Chief Thinks 
793,Vizual Statistix 
794,April Analyst 
795,Jeff Lautt 
796,On Tuesday 
797,Eric Major 
798,Bruce Berkowtiz 
799,Japan China 
800,Three Ways 
801,Joseph Landy 
802,Henry Blodget 
803,Sarah Lacy 
804,Zuckerberg Costello 
805,Sanjay Jha 
806,Justin Smith 
807,Marc Benioff 
808,Jeremy Allaire 
809,Girl Scouts 
810,Youth Engagement 
811,Os Swiss 
812,Severin Schwan 
813,Sam Barnett 
814,Jeff Ubben 
815,Jack Welch 
816,Investing In 
817,Patrick Doyle 
818,Morgan Wright 
819,The Naive 
820,Greg Stemm 
821,Kevin Mandia 
822,Even Spiegel 
823,Reuters Larry 
824,Images Steve 
825,Microsoft Michael 
826,Paolo Bona 
827,Columbia Pictures 
828,Martin Sorrell 
829,Dermid Marissa 
830,Post Holdings 
831,Daniel Vasella 
832,Hunger Games 
833,Kris Henriksen 
834,Emile Haddad 
835,Walmart International 
836,Mart President 
837,Buffett Goldman 
838,Ara Hovnanian 
839,Frak Organization 
840,Reggie Brown 
841,Jonathan Tepper 
842,The Economist 
843,John Chen 
844,Blackstone Hilton 
845,Armand Arton 
846,As Amazon 
847,Ken Griffin 
848,Tom Dean 
849,Michael Jefferies 
850,Black Friday 
851,Mark Konyn 
852,Urban Outfitters 
853,Evan Spiegel 
854,Scott Thompson 
855,Yesterday Senator 
856,Mario Draghi 
857,Jeffrey Katzenberg 
858,Susan Wojcicki 
859,On Wednesday 
860,Doug Parker 
861,General Motors 
862,Dan Akerson 
863,Jeff Gundlach 
864,Obama Administration 
865,Mary Barra 
866,Wallet Out 
867,Richard Anderson 
868,Travel Association 
869,Corporate Equality 
870,Don Basile 
871,Michael Lynton 
872,Troy Stang 
873,David Maus 
874,Jim Blaine 
875,Fontainbleau Hotel 
876,In October 
877,Laurent Potdevin 
878,Remo Ruffini 
879,Vern Sumnicht 
880,Nick Graham 
881,Courtesy Sotheby 
882,The Story 
883,Tom Long 
884,John Hall 
885,Finance Violin 
886,Howard Bain 
887,Bill Stiritz 
888,Jeff Kelter 
889,Ali Agaoglu 
890,Major Advisor 
891,John Stumpf 
892,John Hourican 
893,As Oracle 
894,Greg Gopman 
895,Dallas Fed 
896,John Legere 
897,China Mobile 
898,But Tesla 
899,Jerry Yang 
900,Marisa Mayer 
901,Claro Cortes 
902,Thinkorswim Jin 
903,Topher Spiro 
904,Ronald Williams 
905,Business Daily 
906,Chris Grant 
907,Barry Silbert 
908,American Banker 
909,Squawk Street 
910,Todd Spangler 
911,William Conway 
912,Eric Ted 
913,Mike West 
914,Glu Mobile 
915,Misha Lyalin 
916,Beauty Wealth 
917,Halford Hsu 
918,Sheldon Adelson 
919,New Hampshire 
920,During Kozlowski 
921,Raul Vera 
922,There Anthony 
923,Reuters Microsoft 
924,Larry Robbins 
925,Stephen Elop 
926,Chet Helck 
927,Download Hartley 
928,Janet Levaux 
929,Download Tonight 
930,Edward Lampert 
931,Dan Hesse 
932,Rob Bowman 
933,Ev Williams 
934,Fritz Henderson 
935,Ed Whitacre 
936,Akerson Whitacre 
937,Chrysler Group 
938,On Twitter 
939,Check Estimize 
940,Petros Stratoudakis 
941,Paul Wright 
942,Ritholtz Wealth 
943,Former Tyco 
944,But Journal 
945,Henrique De 
946,Veeral Rathod 
947,State New 
948,Pivotal Inc 
949,Paul Galant 
950,Drew Houston 
951,William Brandt 
952,Richard Ciccarone 
953,Bot Replicator 
954,Satoru Iwata 
955,Newport Beach 
956,Lex Fenwick 
957,Download Douglas 
958,Mitchell Eichen 
959,Download Mohamed 
960,Michael Diekmann 
961,Douglas Hodge 
962,Chris Christie 
963,Kelly Smallridge 
964,Al Rabil 
965,Download Last 
966,Because Barra 
967,Joe Weisenthal 
968,Paul Jacobs 
969,Download In 
970,Detroit Auto 
971,Download Asa 
972,American Eagle 
973,Jay Schottenstein 
974,Rick Caruso 
975,World Economic 
976,Business Network 
977,Jack Cuneo 
978,Tory Burch 
979,Download But 
980,Download It 
981,North America 
982,Virginia Governor 
983,Floor Board 
984,Attorney Southern 
985,Download Photo 
986,Robert Hanson 
987,Download Business 
988,Robin Lewis 
989,Samsung Electronics 
990,Jarar Malik 
991,Jeremey Allaire 
992,Working Paper 
993,On Facebook 
994,Download After 
995,Michel Rose 
996,Peter Weijmarshausen 
997,Os Davos 
998,Argentina Turkey 
999,Download Mike 
1000,Charlie Shrem 
1001,Marco Rubio 
1002,Speaker House 
1003,First Defense 
1004,John Rogers 
1005,Broker Dealers 
1006,Yahoo The 
1007,Ben Reitzes 
1008,Twitter But 
1009,Facebook Here 
1010,Host Committee 
1011,Clear Channel 
1012,Canon Inc 
1013,Guillaume Deglise 
1014,Charlie Scharf 
1015,Reporting Jason 
1016,The Internet 
1017,Owner Zari 
1018,Don Wood 
1019,Pantheon Macroeconomics 
1020,Adam Hartung 
1021,Basically Jenkins 
1022,Download As 
1023,Declan Kelly 
1024,Advisory Firms 
1025,Download David 
1026,Frank Addante 
1027,August Steve 
1028,Aaron Levie 
1029,Reporting Adrian 
1030,When Fenwick 
1031,Last July 
1032,Muhtar Kent 
1033,With The 
1034,Jeremy Stoppelman 
1035,Ajaypal Banga 
1036,Moet Hennessy 
1037,Royal Caribbean 
1038,Douglas Oberhelman 
1039,Ari Reichental 
1040,Download General 
1041,Unlike Barra 
1042,Sydney February 
1043,Download Todd 
1044,Morgan Funds 
1045,Basic Element 
1046,Download Jessica 
1047,Editing Jennifer 
1048,Download Just 
1049,Rene Obermann 
1050,Wire Open 
1051,The Guardian 
1052,Chairman Doug 
1053,Scott Farquhar 
1054,Brookes Farquhar 
1055,When Sergey 
1056,Great Plains 
1057,Jay Simons 
1058,Jay Parikh 
1059,Nejc Kodric 
1060,Download Rackspace 
1061,Graham Weston 
1062,Chip Somodevilla 
1063,Download Rupert 
1064,Bud Konheim 
1065,Ken Austin 
1066,Mike Sha 
1067,Rafaella Sadun 
1068,Satya Nadella 
1069,Time Warner 
1070,Neil Smit 
1071,Paulo Cesar 
1072,Kolin Burges 
1073,Jim Chambers 
1074,Anchors Stephanie 
1075,Bill Chaaban 
1076,Andrew Heiberger 
1077,Essential Functions 
1078,Jim Jelter 
1079,Mark Reuss 
1080,Said Boost 
1081,Jan Koum 
1082,From Men 
1083,Josh Reich 
1084,Download Shares 
1085,President Poole 
1086,Dave Girouard 
1087,Reporting Marilyn 
1088,Dan Frommer 
1089,Fred Ehrsam 
1090,Jochen Duemler 
1091,Equity Savita 
1092,European Central 
1093,Download Ebay 
1094,Fox News 
1095,Jeff Stibel 
1096,The Company 
1097,Using London 
1098,Tesla Gigafactory 
1099,Tony Clifford 
1100,Alan Joyce 
1101,Mark Karpeles 
1102,In February 
1103,Noubar Afeyan 
1104,Lyndon Rive 
1105,Stan Gregor 
1106,Cantor Fitzgerald 
1107,Everyone Is 
1108,Marc Market 
1109,Ken Lo 
1110,Download The 
1111,Download Thomson 
1112,Khalid Bomba 
1113,Rob Roffel 
1114,Brian Walsh 
1115,The Sydney 
1116,Ma Huateng 
1117,Robin Li 
1118,Camping World 
1119,James Debney 
1120,Except Endeavor 
1121,Download Autumn 
1122,The First 
1123,Skip Braver 
1124,While Chinese 
1125,Scott Heiferman 
1126,While February 
1127,Reporting Jonathan 
1128,Charles Sizemore 
1129,Spenser Segal 
1130,Jordan Kelley 
1131,Hewlett Packard 
1132,Ji Haipeng 
1133,Yahoo Finace 
1134,Fred Anderson 
1135,Eastman Kodak 
1136,Safety Operating 
1137,New Jersey 
1138,Pony Ma 
1139,Wikicommons Disney 
1140,Andy Marsh 
1141,American Enterprise 
1142,Gazprom Igor 
1143,Emilio Lozoya 
1144,Erian Twitter 
1145,Michael Gauthier 
1146,Chris Larsen 
1147,Engineered Server 
1148,Aravinda Korala 
1149,Joe Magnacca 
1150,Alison Brod 
1151,Line Capital 
1152,Loews Corporation 
1153,Eva Moskovitz 
1154,Morgan Asset 
1155,Scott Dobroski 
1156,Download Screenshot 
1157,Download Stephen 
1158,Mark Facebook 
1159,Sascha Lewis 
1160,Nick Woodman 
1161,Candy Crush 
1162,For New 
1163,Download Daniel 
1164,Ian Taylor 
1165,For Gunvor 
1166,Yishan Wong 
1167,Inside Olympus 
1168,Mr Woodford 
1169,Joe Kaeser 
1170,Alexei Miller 
1171,Reporting Jim 
1172,Irving Oil 
1173,According Leonard 
1174,Mike Mayo 
1175,Reggie Agarwall 
1176,Most Admired 
1177,Ken Lewis 
1178,Fiduciary Counselling 
1179,Matter Family 
1180,Jeanie Wyatt 
1181,Jana Shoulders 
1182,Committee For 
1183,Kyle Vucko 
1184,Samantha Shih 
1185,Jayshree Ullal 
1186,Download New 
1187,How To 
1188,Gerber Group 
1189,Brad Katsuyama 
1190,Vicent Viola 
1191,For Whenman 
1192,Charles Schwab 
1193,Sergey Brin 
1194,Michael Woodford 
1195,Michael Dieckmann 
1196,Mark Gorton 
1197,Lightspeed Ventures 
1198,Download Here 
1199,Jan Peter 
1200,Leigh Drogen 
1201,Download Bank 
1202,Bank Frick 
1203,Issei Kato 
1204,Like Eric 
1205,Think Market 
1206,Ken Bentsen 
1207,Bernie Madoff 
1208,In May 
1209,Deal Day 
1210,Chainsaw Al 
1211,Scott Paper 
1212,When Whitmore 
1213,Download Reuters 
1214,Founder Chairman 
1215,Bloomberg Businessweek 
1216,After Mohamed 
1217,After Alibaba 
1218,Pacific Investment 
1219,Central Park 
1220,Evan Agostini 
1221,Jessica Rinaldi 
1222,Jonathan Miller 
1223,Anne Moore 
1224,Cameron Tyler 
1225,Mike Corbat 
1226,Michael Terzich 
1227,Anders Gustafsson 
1228,Download Satya 
1229,Die Welt 
1230,Reporting Maria 
1231,Thomson Reuters 
1232,Tien Tzuo 
1233,On Citigroup 
1234,Peter Rive 
1235,When Musk 
1236,Bitcoin China 
1237,Defend The 
1238,Ben Uretsky 
1239,Reporting Chuck 
1240,Rebecca Cook 
1241,When Ford 
1242,Kay Krill 
1243,Denise Morrison 
1244,Daniel Larimer 
1245,Ian Maude 
1246,Pure Storage 
1247,Michael Pearson 
1248,Bob Bland 
1249,Download Secret 
1250,Chris Albrecht 
1251,Pamela Liebman 
1252,Rajeev Suri 
1253,Nokia Solutions 
1254,Former Gox 
1255,When Putin 
1256,Download Lionel 
1257,Robert Pickering 
1258,Ian Read 
1259,Download Getty 
1260,Michael Kirkwood 
1261,Ron Bernstein 
1262,Download Flickr 
1263,Indra Nooyi 
1264,Be Prepared 
1265,Mark Fields 
1266,Sam Hamadeh 
1267,This Michael 
1268,Peter Sands 
1269,Pay Packages 
1270,Hilton Worldwide 
1271,Os And 
1272,Wyndham Worldwide 
1273,James Murren 
1274,Definitely Wynning 
1275,Helped Beat 
1276,Marriott Among 
1277,Download Richard 
1278,Read Icahn 
1279,Frederic Laluyaux 
1280,Borsheims President 
1281,James Packer 
1282,Jim Hagemann 
1283,But European 
1284,Dermott Snabe 
1285,Eduardo Munoz 
1286,Dermott Hagemann 
1287,Lars Dalgaard 
1288,Download Target 
1289,Chairman Target 
1290,Gregg Steinhafel 
1291,Korn Ferry 
1292,Nigel Travis 
1293,John Alexander 
1294,Jonathan Bush 
1295,Investment Bank 
1296,Blackstone Group 
1297,Master Blenders 
1298,John Wren 
1299,Sir Martin 
1300,Paul Ross 
1301,Bank One 
1302,In Norway 
1303,Ragnar Noreng 
1304,Dick Parsons 
1305,David Aldridge 
1306,Hedgeye Risk 
1307,Mad Money 
1308,Dave Schaeffer 
1309,Maurice Levy 
1310,Alan Smith 
1311,Harold Wester 
1312,Jeff Lanctot 
1313,New Yorkers 
1314,Virginia Rometty 
1315,Owen Kerr 
1316,When South 
1317,Brian Hamburger 
1318,Dick Grasso 
1319,Download Cisco 
1320,Kevin Plank 
1321,Akio Watanabe 
1322,January March 
1323,World Wrestling 
1324,As Ottawa 
1325,Pierre Beaudoin 
1326,Cyan Banister 
1327,Brian Heyes 
1328,Major League 
1329,Download Arnd 
1330,Brady Dougan 
1331,Chief Investment 
1332,Ed Stack 
1333,Edward Stack 
1334,Todd Harrison 
1335,Sergio Marchionne 
1336,Robert Niblock 
1337,David Lenhardt 
1338,Aleksey Miller 
1339,Reporting Ann 
1340,Then Kevin 
1341,Timothy Geithner 
1342,When Merrill 
1343,Download Duncan 
1344,Niederauer President 
1345,Regis Bal 
1346,Tim Elmes 
1347,Nick Black 
1348,Greg Abel 
1349,Dimon Wrangler 
1350,William Lovette 
1351,Jimmy Iovine 
1352,Beats Music 
1353,Hay Group 
1354,Os America 
1355,Robert Iger 
1356,Allergan To 
1357,Editing Peter 
1358,Rene Rivkin 
1359,Download Ultimate 
1360,Download Wall 
1361,Bilaal Ahmed 
1362,Advisor Perspectives 
1363,Los Angeles 
1364,After Clippers 
1365,World Trade 
1366,Former News 
1367,Julian Clarke 
1368,Editing Catherine 
1369,Executive Paywatch 
1370,May Morgan 
1371,Charles Evans 
1372,Dave Goldberg 
1373,David Thodey 
1374,The Goldman 
1375,Download Julia 
1376,General Assembly 
1377,Puppet Labs 
1378,Detroit Sheep 
1379,David Abney 
1380,Laurent Bonnafe 
1381,Dan Gilbert 
1382,Download United 
1383,United Therapeutics 
1384,But Rothblatt 
1385,Successful Succession 
1386,In Facebook 
1387,David Yermack 
1388,Key Largo 
1389,Mandatory Form 
1390,Os Nantucket 
1391,Michael Fries 
1392,Reporting Conor 
1393,Allergan Valeant 
1394,Gary Friedman 
1395,Robert Meers 
1396,Reporting Emma 
1397,Download Charlie 
1398,Afghan International 
1399,Afghan United 
1400,Ron Carson 
1401,Advisors Should 
1402,Hear Whisper 
1403,Michael Heyward 
1404,According Associated 
1405,Kevin Scott 
1406,University Chicago 
1407,Defense Strategy 
1408,Jeremy Levin 
1409,Economic Policy 
1410,Bob Tinker 
1411,Bob Carter 
1412,Tim Wimborne 
1413,Darren Huston 
1414,The Priceline 
1415,Vic Neufeld 
1416,Airbus Group 
1417,York Capital 
1418,Brad Katusyama 
1419,Robert Kindler 
1420,Board Directors 
1421,John Luttrell 
1422,Raghavendra Rau 
1423,Richard Chilton 
1424,Heads To 
1425,Family Dollar 
1426,That Goldman 
1427,News American 
1428,John Rishton 
1429,So Credit 
1430,Igor Sechin 
1431,Lorenzo Grabau 
1432,Anders Elgemyr 
1433,Rick Wagoner 
1434,News Last 
1435,American Apparel 
1436,George Palikaras 
1437,Microsoft Satya 
1438,Jeff Klee 
1439,Burj Khalifa 
1440,Steven Wilburn 
1441,Samsung Mobile 
1442,Alliance Partners 
1443,Download Justin 
1444,Marianne Lake 
1445,Billionaire Amazon 
1446,Philip Morris 
1447,Niall Wass 
1448,Geoffrey Brown 
1449,Stuart Miller 
1450,Kathy Savitt 
1451,Takashi Mochizuki 
1452,Jeff Mezger 
1453,Automated Insights 
1454,News Ousted 
1455,Jogger Colorblock 
1456,On March 
1457,Anthony Hourihan 
1458,Jeffrey Ettinger 
1459,Download Google 
1460,Former Autonomy 
1461,President Washington 
1462,Stocks Traders 
1463,Dan Primack 
1464,Development Specialists 
1465,Mary Callahan 
1466,Gordon Smith 
1467,Jenaro Garcia 
1468,On July 
1469,Genaro Garcia 
1470,Hong Kong 
1471,Financial Times 
1472,Why You 
1473,Container Store 
1474,Kip Tindell 
1475,Reporting Caroline 
1476,Miguel Luis 
1477,Javier Romero 
1478,Technology Filings 
1479,Kenneth Carter 
1480,John Kueber 
1481,General Counsel 
1482,Robert Lynch 
1483,Nicolas Aguzin 
1484,Also Tuesday 
1485,Howard Levine 
1486,Gap Banana 
1487,Gary Loveman 
1488,Markets Group 
1489,Marlon Luis 
1490,Michael Burke 
1491,Scott Dittman 
1492,The Russian 
1493,Cs Internet 
1494,But Mohamed 
1495,Metropolitan Transportation 
1496,Investment Banking 
1497,Both Netflix 
1498,Download One 
1499,Gary Ginsberg 
1500,Now Ginsberg 
1501,Michael Wolff 
1502,Paul Marshall 
1503,Yuzhu Shi 
1504,Gerry Shih 
1505,But Rupert 
1506,Rupert Murdoch 
1507,Editing Tom 
1508,Reporting Shao 
1509,Nikesh Arora 
1510,Linette Lopez 
1511,Allergan Last 
1512,Alaa Karam 
1513,Mario Gabelli 
1514,Steve Forbes 
1515,Singapore Forbes 
1516,Wayne Hsieh 
1517,Vic Gundotra 
1518,Ford Motor 
1519,Reporting Alexei 
1520,Reporting Lisa 
1521,Satay Nadella 
1522,Emerging Azerbaijan 
1523,And Alekperov 
1524,Chief Executive 
1525,John Case 
1526,News Corporation 
1527,As Chipotle 
1528,Craig Zollinger 
1529,China India 
1530,John Thain 
1531,What We 
1532,Reuters Today 
1533,Philippe Dauman 
1534,Card David 
1535,The Depository 
1536,Xerox Corporation 
1537,American Express 
1538,Douglas Durst 
1539,Edelman Joel 
1540,Andrew Farkas 
1541,Managing Principal 
1542,Weld North 
1543,First Republic 
1544,Kohlberg Kravis 
1545,Douglaston Development 
1546,First Eagle 
1547,Alexandria Real 
1548,Founding Partner 
1549,Investors Service 
1550,Senior Partner 
1551,Senior Advisor 
1552,Graw Hill 
1553,Interpublic Group 
1554,Vice Chairman 
1555,Eric Smith 
1556,Tishman Speyer 
1557,Mark Thompson 
1558,Neuberger Berman 
1559,The Williams 
1560,Partnership New 
1561,President William 
1562,Reporting Mridhula 
1563,Sheng Fu 
1564,Tony Fernandes 
1565,Back May 
1566,Download Fortune 
1567,Paul Maritz 
1568,Joe Tucci 
1569,Writing Tony 
1570,Jeff Bewkes 
1571,Market Holdings 
1572,Bill Siegel 
1573,Caveat Emptor 
1574,Given General 
1575,William Simon 
1576,Gregory Foran 
1577,From May 
1578,John Martin 
1579,Portuguese Bank 
1580,Jose Manuel 
1581,Bear Stearns 
1582,Iconic Wall 
1583,From Fox 
1584,Reporting Kate 
1585,Herb Chambers 
1586,Michael Yoshikami 
1587,Barington Chairman 
1588,Howard Penney 
1589,Os Boards 
1590,Capital Markets 
1591,Virgin America 
1592,Thayer Ventures 
1593,Sheldon Lavin 
1594,Pierre Petit 
1595,Dollar Tree 
1596,Seth Sulkin 
1597,Japanese Yen 
1598,Download For 
1599,Tim Weingarten 
1600,Shelly Sterling 
1601,Access Full 
1602,Why Clients 
1603,South Korea 
1604,Skymark Airlines 
1605,Yankees Stadium 
1606,Jay Yarow 
1607,So Betterment 
1608,Buffalo Wild 
1609,And Tesla 
1610,Google Maps 
1611,Avi Reichental 
1612,Steinhafel Target 
1613,Stores Inc 
1614,Rick Wilking 
1615,As Mary 
1616,During Tesla 
1617,Matthew Prince 
1618,Peter Hancock 
1619,Risk Reversal 
1620,Michael Kors 
1621,Editing Dan 
1622,Ina Fried 
1623,Bob Iger 
1624,Premier Agent 
1625,Os Sydney 
1626,Reuters Fox 
1627,John Mulligan 
1628,Women Leadership 
1629,Kevin Monday 
1630,Colin Hunter 
1631,Target John 
1632,Broadcasting Digital 
1633,David Nish 
1634,Reporting Yoko 
1635,Josh Brown 
1636,Brian Kelley 
1637,Vasily Karasyov 
1638,Fiat Chrysler 
1639,Trump Entertainment 
1640,Samuel Shen 
1641,Mark Murray 
1642,David Peterson 
1643,John Melloy 
1644,Viacheslav Povrokznick 
1645,Courtney Weaver 
1646,Like Warr 
1647,All Nothing 
1648,Reporting Jessica 
1649,Rich Kinder 
1650,Adam Nash 
1651,Morgan Securities 
1652,Russian Ukrainian 
1653,Low Pay 
1654,Jim Atchison 
1655,Maggie Fick 
1656,Telecom Italia 
1657,Jonathan Lu 
1658,Now Allis 
1659,Reporting Carolina 
1660,Middle East 
1661,Steve Carley 
1662,Latin America 
1663,Under Marc 
1664,Stephen Sadove 
1665,During Qatari 
1666,Jane Stevenson 
1667,Chip Wilson 
1668,David Calhoun 
1669,Bill Ford 
1670,Union Pacific 
1671,Chief Financial 
1672,Download Aeropostale 
1673,Julian Geiger 
1674,Paal Kibsgaard 
1675,Japan Russia 
1676,Reporting Tanvi 
1677,Golf Galaxy 
1678,Read New 
1679,Steve Sather 
1680,Richard Hayne 
1681,Some Of 
1682,Swiss Army 
1683,Thomas Johnson 
1684,Bank Corp 
1685,Mark Hurd 
1686,Angelo Mozilo 
1687,When Whitman 
1688,Reporting Douwe 
1689,The Feds 
1690,Brian Chesky 
1691,Amy Webb 
1692,Bob Aiken 
1693,James Roche 
1694,Pascal Soriot 
1695,Philip Balboni 
1696,Reporting Ramkumar 
1697,Patricia Angus 
1698,The Home 
1699,Land Rover 
1700,Norbert Reithofer 
1701,John Hailer 
1702,Amazon Twitch 
1703,Dear Twitch 
1704,Emmett Shear 
1705,Tim Hortons 
1706,Hayley Peterson 
1707,Arie Belldegrun 
1708,Marc Caira 
1709,Daniel Schwartz 
1710,David Wei 
1711,Bedell Cellars 
1712,Sydney Morning 
1713,Bernardo Hees 
1714,Reporting Bernie 
1715,Rich Handler 
1716,Tilman Fertitta 
1717,Download Billionaire 
1718,Carlo Allegri 
1719,Michael Kowalski 
1720,Download Win 
1721,Jeffrey Skilling 
1722,Stephane Richard 
1723,Stephen Schwarzman 
1724,Betty Liu 
1725,Download Bloomberg 
1726,Ray Benton 
1727,Marcelo Claure 
1728,Banco Espirito 
1729,But Salgado 
1730,Lee Wee 
1731,World War 
1732,John Borghetti 
1733,Editing Emily 
1734,Andy Palmer 
1735,Andersen Tax 
1736,Resorts Hotel 
1737,Ken Moelis 
1738,The Gigafactory 
1739,Sebonack Golf 
1740,Antoine Riboud 
1741,Shelly Banjo 
1742,But Hall 
1743,Calls For 
1744,Via Wikimedia 
1745,Kent Rockwell 
1746,Reporting Tim 
1747,Really Long 
1748,Reporting Edwin 
1749,Sunny Lee 
1750,Nick Hayek 
1751,Andy Mooney 
1752,Market Basket 
1753,Download Thomas 
1754,Patrick Pruniaux 
1755,David Aviezer 
1756,File Justin 
1757,Shares Hertz 
1758,Editing Saumyadeb 
1759,Funding Salesforce 
1760,Download Courtesy 
1761,Mark Cuban 
1762,Mark Frissora 
1763,Hertz Equipment 
1764,Download Dave 
1765,Antony Ressler 
1766,Haverford College 
1767,Jim Edwards 
1768,John Foraker 
1769,Mike Sneesby 
1770,Mark Patterson 
1771,Flickr Within 
1772,Boston Tuesday 
1773,Omri Lachman 
1774,Alex Gruzen 
1775,Pavan Pudipeddi 
1776,The Fiat 
1777,Reporting Agnieszka 
1778,Reporting Business 
1779,Nissan North 
1780,Bridge Capital 
1781,Reporting Siddharth 
1782,Joseph Magnacca 
1783,Fir Tree 
1784,Calling Hertz 
1785,Lloyds Banking 
1786,On Saturday 
1787,Taylor Rhodes 
1788,Royce Motor 
1789,Michael Francis 
1790,Council Health 
1791,Chi Kwong 
1792,Business Roundtable 
1793,Randall Stephenson 
1794,Stock Buybacks 
1795,Mike Hopkins 
1796,Charles Scharf 
1797,Rainer Ohler 
1798,David Barger 
1799,Sharon Bernstein 
1800,Shares Oracle 
1801,Safra Catz 
1802,The Oracle 
1803,Jack Ma 
1804,John Standley 
1805,Michael Bloomberg 
1806,Kim Forrest 
1807,Ross Levinsohn 
1808,Also Thursday 
1809,Download Paramount 
1810,Alibaba Founder 
1811,General Mills 
1812,Alliance Grain 
1813,Yan Changzai 
1814,Jet Lee 
1815,Joseph Tsai 
1816,Adam Sarhan 
1817,Mario Rule 
1818,Arista Networks 
1819,Masayoshi Son 
1820,Randy Garutti 
1821,Download Haver 
1822,Tiernan Ray 
1823,Murray Tekmira 
1824,Download William 
1825,Peter Loescher 
1826,United Stateswas 
1827,Rat Traders 
1828,Herbalife Tuesday 
1829,Clifford Chan 
1830,Fitschen Anshu 
1831,Global Social 
1832,According Brandfog 
1833,Although Musk 
1834,Stephen Blyth 
1835,Jane Mendillo 
1836,Download Along 
1837,Os Safra 
1838,Dave Kennedy 
1839,Os Mark 
1840,Iron Man 
1841,Harold Hamm 
1842,Ryo Koyama 
1843,Bernd Pischetsrieder 
1844,Cremer Schwartz 
1845,Reporting Gabriela 
1846,Philip Clarke 
1847,Dave Lewis 
1848,Ilya Ryashchin 
1849,Yahoo Yahoo 
1850,The Googler 
1851,Jim Urquhart 
1852,Download Ethan 
1853,Editing Nick 
1854,Dick Weil 
1855,Wu Qingyong 
1856,Youbisheng Green 
1857,Nichola Groom 
1858,Qatar Airways 
1859,Doug Hodge 
1860,Tutti Frutti 
1861,Million After 
1862,But Ford 
1863,Former Ford 
1864,Brazil Is 
1865,The Forbes 
1866,At Number 
1867,Kinling Lo 
1868,Reporting Sudarshan 
1869,Jeff Smith 
1870,Devin Wenig 
1871,Bay Devin 
1872,Bay Marketplaces 
1873,Pal Concurrent 
1874,Priceline Virgin 
1875,Mike White 
1876,But Monday 
1877,But Mary 
1878,Editing Bernadette 
1879,John Byrant 
1880,Niraj Shah 
1881,West Africa 
1882,Phil Clarke 
1883,Lewis Unilever 
1884,Pantheon Macro 
1885,Joe Mansueto 
1886,Download Steve 
1887,Packard Enterprise 
1888,Dion Weisler 
1889,Live Paulson 
1890,Reporting Se 
1891,Greg Foster 
1892,Mykolas Rambus 
1893,Billionaire Tesla 
1894,Delta State 
1895,Courtesy Burger 
1896,Brent Saunders 
1897,Lei Jun 
1898,Reporting Aruna 
1899,Dynasty Financial 
1900,Daniel Birnbaum 
1901,Michael Chuang 
1902,Microsoft Since 
1903,When Nadella 
1904,Justice Department 
1905,Art Peck 
1906,Innovation Digital 
1907,Mike Pearson 
1908,Paul Allen 
1909,For Symantec 
1910,John Gannon 
1911,Brown President 
1912,The Analyst 
1913,Reporting Krista 
1914,Leon Cooperman 
1915,Dear Tim 
1916,Conclusion To 
1917,Steve Sanghi 
1918,Hoon On 
1919,Aijaz Rahi 
1920,Institute International 
1921,Future Finance 
1922,Crumbs Lemonis 
1923,Download Kevork 
1924,Carl Ichan 
1925,Advanced Technologies 
1926,Virgin Group 
1927,Produced Matt 
1928,Enrico Cavatorta 
1929,Sally Smith 
1930,Former Home 
1931,Neither Smith 
1932,Download Scott 
1933,Download Paul 
1934,Andrea Guerra 
1935,Darden Restaurants 
1936,Blog To 
1937,Fischer Enterprises 
1938,Download Wiki 
1939,Darden President 
1940,Oil And 
1941,Abigail Johnson 
1942,Europe Is 
1943,Download Chip 
1944,Alfred Pritchard 
1945,Greg Foran 
1946,Richard Plepler 
1947,Speaking Time 
1948,Investor Meeting 
1949,Henri Proglio 
1950,Thales Group 
1951,Bryan Stockton 
1952,Lisa Su 
1953,Pad Mini 
1954,Forces Could 
1955,Jon Stein 
1956,Says Germany 
1957,Peter Rup 
1958,Tom Montag 
1959,While Moynihan 
1960,Harald Norvik 
1961,Stine Bosse 
1962,Marit Hoel 
1963,Lena Wennberg 
1964,Siva Govindasamy 
1965,During Apple 
1966,Gregor Christophe 
1967,De Margerie 
1968,The Apple 
1969,David Pyott 
1970,Ackman Valeant 
1971,John Lewis 
1972,Bank Nova 
1973,Paul Martiz 
1974,Bob Bradway 
1975,Cola Company 
1976,Oil Giant 
1977,Tuesday Moscow 
1978,Howard Lutnick 
1979,Download Herbalife 
1980,Kim White 
1981,When Microsoft 
1982,Download Greenlight 
1983,Rick Jones 
1984,Download Facebook 
1985,Tom Gutierrez 
1986,Mike Nudelman 
1987,Kevin Durant 
1988,Editing Richard 
1989,Download When 
1990,Total Christophe 
1991,Reporting Katya 
1992,Citi Research 
1993,Shirl Penney 
1994,Editing Barbara 
1995,Download Kimberly 
1996,The Cantor 
1997,Australian Financial 
1998,Reporting Amrutha 
1999,Chris Garabedian 
2000,Takanobu Ito 
2001,Jim Cramer 
2002,Reporting San 
2003,David Wehner 
2004,Tad Smith 
2005,Victor Luis 
2006,Duke University 
2007,Download Something 
2008,Ran Kim 
2009,Apple Inc 
2010,Called Out 
2011,Christina Kelly 
2012,Marc Beer 
2013,Download Cliffs 
2014,Download Venture 
2015,Dmitry Medvedev 
2016,Tim Anderson 
2017,Nicholas Woodman 
2018,John Bilbrey 
2019,Kim Bhasin 
2020,Download Jefferies 
2021,Download Noah 
2022,Alexandra Damsker 
2023,Sage Omaha 
2024,Google And 
2025,The Outsiders 
2026,Reporting Anna 
2027,Produced Graham 
2028,Ralph Orlowski 
2029,Harvard Business 
2030,Howard Buffett 
2031,International Public 
2032,In Minnesota 
2033,First Mariner 
2034,Publicis Groupe 
2035,Lawrence Ebner 
2036,Download So 
2037,Yours To 
2038,King Digital 
2039,Download Chris 
2040,Steffan Bankier 
2041,Kate Spade 
2042,August September 
2043,On Tesla 
2044,Steve Sisney 
2045,Sue Ann 
2046,Exide Battery 
2047,Jim Hughes 
2048,Here Wall 
2049,Jeet Heer 
2050,Tony Schwartz 
2051,Joshua Tetrick 
2052,Tiny Firm 
2053,Download Andrew 
2054,Charles Li 
2055,Wall Strett 
2056,Laurence Fink 
2057,Shaygan Kheradpir 
2058,Download Bill 
2059,Download Venrock 
2060,Mart Stores 
2061,Mart Inc 
2062,Honda Motor 
2063,Editing Ian 
2064,Foster Wheeler 
2065,John Hess 
2066,Baker Hughes 
2067,Download Lululemon 
2068,While Haralson 
2069,Eike Batista 
2070,Late Friday 
2071,Dave Lesar 
2072,Sonali Paul 
2073,Ginny Rometty 
2074,Shares Urban 
2075,Cicero University 
2076,Craig Menear 
2077,Ralf Speth 
2078,Executives Are 
2079,Download While 
2080,Os Fortune 
2081,Domenico De 
2082,Following Gross 
2083,George Walker 
2084,Brian Robert 
2085,Brian Roberts 
2086,Chris Wibbelman 
2087,Bjorn Kjos 
2088,Mario Longhi 
2089,Brazilian Social 
2090,Paul Raines 
2091,On Thursday 
2092,Under Jacob 
2093,Capital Advisor 
2094,Reuters Investment 
2095,Reporting Judy 
2096,Gregory Hayes 
2097,John Tague 
2098,Harbinger Group 
2099,Craig Donaldson 
2100,Mart Says 
2101,Robert Wolf 
2102,Brian Graff 
2103,Dennis Thompson 
2104,Schorsch Resigned 
2105,Kevin Gannon 
2106,Brad Anderson 
2107,Lou Gerstner 
2108,Continental Resources 
2109,Andy Briggs 
2110,Carlos Rodriguez 
2111,Download Amazon 
2112,What Barzani 
2113,Peter Solomon 
2114,According Carlos 
2115,South Stream 
2116,And Business 
2117,According New 
2118,Wences Casares 
2119,Michael Weil 
2120,Download Robert 
2121,John Boyd 
2122,From Beige 
2123,David Hodnett 
2124,Familiarity Harvard 
2125,Advisers Are 
2126,David Zier 
2127,Douglas Wolford 
2128,Tuesday Abercrombie 
2129,Tube Goldman 
2130,Download Teen 
2131,Oxford Economics 
2132,The Office 
2133,Download Researchers 
2134,The Group 
2135,Mike Blake 
2136,Department State 
2137,At Thursday 
2138,Is Getting 
2139,Dealbook Conference 
2140,The Philadelphia 
2141,Frank Lavin 
2142,Frida Giannini 
2143,Joe Penney 
2144,Helge Lund 
2145,In September 
2146,Bernard Poussot 
2147,Though Apple 
2148,Caesars Entertainment 
2149,Aer Lingus 
2150,Nick Schorsch 
2151,While Charney 
2152,Paula Schneider 
2153,Scott Brubaker 
2154,Download Snapchat 
2155,Download Marcio 
2156,Louis Beryl 
2157,Nicholas Carlson 
2158,Michael Collins 
2159,Board June 
2160,Azeem Azhar 
2161,Giles Palmer 
2162,Rick Holley 
2163,Yang Yuanqing 
2164,Lord Wolfson 
2165,Download Fashion 
2166,Leonid Mikhelson 
2167,But Morgan 
2168,Brittani Caetano 
2169,Andy Bechtolsheim 
2170,Bill White 
2171,Dave Aitel 
2172,Hampton Creek 
2173,Reporting Susan 
2174,Download Jason 
2175,Robert Cormie 
2176,Standard General 
2177,Writing Lidia 
2178,Download Ousted 
2179,King Chairman 
2180,President Vladimir 
2181,Karen Barr 
2182,Dov Charney 
2183,Stephen Schwartz 
2184,Indicted In 
2185,Uber Uber 
2186,South Korean 
2187,Amazon Prime 
2188,Golden Globe 
2189,Reporting Katharina 
2190,Tom Werner 
2191,Mike Jefferies 
2192,When Daniel 
2193,Bradley Dodson 
2194,Then Facebook 
2195,Jeremy Stoppelmann 
